{
  "stage1_ecm": {
    "n_spectra": 40,
    "recovery_mape_pct": 0.43997558402777137
  },
  "stage2_models": {
    "Linear Regression": {
      "train": [
        0.023000478045227625,
        0.01660145044379888,
        0.827861501834024
      ],
      "test": [
        0.0242144806169355,
        0.016932905736390655,
        0.8163196498634541
      ]
    },
    "Random Forest": {
      "train": [
        0.0027747225489600223,
        0.001906892409798494,
        0.9974947941825884
      ],
      "test": [
        0.008825441536803987,
        0.005735827246110867,
        0.9756002561602135
      ]
    },
    "XGBoost": {
      "train": [
        0.0025207835508118137,
        0.0018392214200234009,
        0.9979323577546003
      ],
      "test": [
        0.005746863339375604,
        0.0035694761930010793,
        0.9896539607502862
      ]
    }
  },
  "feature_importance": [
    [
      "Pt loading",
      0.48328325152397156
    ],
    [
      "ageing time",
      0.2440844625234604
    ],
    [
      "graphitised C",
      0.14709213376045227
    ],
    [
      "start-stop rate",
      0.07090424746274948
    ],
    [
      "humidity",
      0.027050185948610306
    ],
    [
      "temperature",
      0.017523223534226418
    ],
    [
      "upper potential",
      0.006678374018520117
    ],
    [
      "ionomer/carbon",
      0.0018263622187078
    ],
    [
      "current density",
      0.0015577529557049274
    ]
  ]
}